id,value
1,22
2,71
3,19
4,62
5,87
6,68
7,18
8,99
9,97
10,68
11,84
12,1
13,26
14,83
15,22
16,82
17,84
18,73
19,100
20,60
21,80
22,23
23,20
24,14
25,66
26,32
27,19
28,38
29,89
30,20
31,73
32,30
33,44
34,71
35,50
36,80
37,43
38,32
39,36
40,75
41,92
42,79
43,50
44,72
45,60
46,41
47,67
48,41
49,37
50,90
51,59
52,33
53,77
54,67
55,29
56,89
57,22
58,54
59,20
60,60
61,8
62,17
63,88
64,40
65,67
66,63
67,29
68,77
69,91
70,94
71,64
72,15
73,6
74,1
75,71
76,73
77,63
78,10
79,87
80,8
81,22
82,37
83,82
84,29
85,83
86,42
87,98
88,27
89,93
90,20
91,50
92,46
93,83
94,59
95,82
96,67
97,30
98,83
99,47
100,96
101,62
102,72
103,78
104,41
105,22
106,17
107,84
108,40
109,85
110,72
111,9
112,92
113,100
114,10
115,97
116,7
117,68
118,30
119,57
120,97
121,92
122,8
123,14
124,76
125,76
126,25
127,31
128,48
129,83
130,50
131,38
132,61
133,83
134,41
135,43
136,38
137,24
138,25
139,41
140,86
141,54
142,4
143,71
144,15
145,99
146,93
147,71
148,24
149,73
150,31
151,20
152,70
153,5
154,83
155,32
156,65
157,58
158,27
159,76
160,74
161,3
162,100
163,30
164,42
165,59
166,23
167,4
168,24
169,40
170,81
171,68
172,57
173,62
174,71
175,71
176,72
177,29
178,90
179,64
180,75
181,5
182,55
183,18
184,29
185,96
186,91
187,43
188,25
189,12
190,5
191,94
192,58
193,55
194,50
195,73
196,31
197,80
198,49
199,36
200,49
201,5
202,37
203,42
204,50
205,6
206,54
207,6
208,77
209,8
210,39
211,94
212,41
213,89
214,100
215,44
216,100
217,22
218,96
219,7
220,49
221,71
222,81
223,48
224,98
225,48
226,79
227,76
228,48
229,5
230,43
231,28
232,48
233,79
234,38
235,38
236,43
237,19
238,10
239,91
240,61
241,35
242,30
243,69
244,46
245,62
246,45
247,74
248,16
249,82
250,60
251,54
252,94
253,37
254,94
255,77
256,100
257,8
258,35
259,47
260,66
261,69
262,50
263,14
264,22
265,23
266,70
267,5
268,42
269,81
270,13
271,64
272,29
273,82
274,75
275,59
276,2
277,79
278,11
279,95
280,100
281,56
282,95
283,70
284,91
285,54
286,95
287,24
288,56
289,8
290,89
291,84
292,2
293,21
294,65
295,38
296,45
297,1
298,94
299,12
300,52
301,64
302,26
303,21
304,73
305,45
306,64
307,8
308,54
309,99
310,69
311,76
312,38
313,64
314,47
315,41
316,36
317,32
318,26
319,42
320,47
321,93
322,75
323,67
324,93
325,8
326,50
327,100
328,60
329,9
330,81
331,3
332,34
333,93
334,91
335,7
336,33
337,23
338,31
339,54
340,49
341,42
342,37
343,88
344,20
345,61
346,92
347,44
348,88
349,27
350,61
351,78
352,94
353,23
354,15
355,33
356,26
357,82
358,11
359,66
360,88
361,61
362,64
363,23
364,88
365,67
366,67
367,43
368,31
369,76
370,77
371,91
372,7
373,30
374,28
375,5
376,41
377,92
378,6
379,13
380,14
381,17
382,86
383,5
384,84
385,44
386,74
387,24
388,31
389,50
390,10
391,65
392,88
393,18
394,58
395,78
396,42
397,68
398,67
399,66
400,44
401,36
402,58
403,8
404,83
405,48
406,95
407,26
408,24
409,31
410,27
411,73
412,81
413,15
414,9
415,19
416,32
417,9
418,35
419,88
420,18
421,33
422,6
423,45
424,35
425,59
426,67
427,63
428,72
429,58
430,85
431,45
432,88
433,35
434,39
435,89
436,1
437,36
438,1
439,5
440,67
441,5
442,68
443,51
444,56
445,41
446,55
447,47
448,89
449,25
450,41
451,40
452,24
453,47
454,58
455,22
456,70
457,76
458,65
459,6
460,87
461,16
462,81
463,66
464,87
465,26
466,13
467,96
468,15
469,74
470,19
471,11
472,97
473,58
474,78
475,78
476,21
477,39
478,27
479,72
480,61
481,55
482,91
483,84
484,66
485,98
486,49
487,93
488,72
489,71
490,59
491,74
492,57
493,74
494,13
495,27
496,31
497,67
498,80
499,10
500,71
501,96
502,23
503,74
504,95
505,34
506,95
507,64
508,68
509,13
510,62
511,30
512,11
513,4
514,80
515,42
516,92
517,51
518,61
519,94
520,84
521,61
522,100
523,93
524,31
525,4
526,20
527,1
528,73
529,49
530,56
531,27
532,36
533,67
534,11
535,88
536,71
537,8
538,35
539,96
540,75
541,19
542,88
543,3
544,11
545,100
546,90
547,40
548,78
549,73
550,22
551,90
552,93
553,20
554,54
555,86
556,25
557,20
558,49
559,94
560,4
561,99
562,82
563,29
564,92
565,60
566,52
567,36
568,50
569,81
570,6
571,22
572,66
573,5
574,36
575,1
576,75
577,38
578,91
579,20
580,24
581,14
582,19
583,41
584,50
585,6
586,73
587,23
588,71
589,6
590,72
591,1
592,1
593,64
594,53
595,94
596,32
597,90
598,4
599,10
600,52
601,52
602,76
603,12
604,97
605,57
606,6
607,23
608,56
609,33
610,24
611,82
612,35
613,39
614,80
615,66
616,43
617,78
618,43
619,68
620,28
621,47
622,47
623,36
624,43
625,76
626,5
627,35
628,25
629,48
630,44
631,60
632,86
633,62
634,45
635,98
636,87
637,52
638,83
639,79
640,80
641,6
642,18
643,84
644,6
645,97
646,14
647,20
648,74
649,27
650,1
651,18
652,32
653,26
654,34
655,60
656,33
657,71
658,75
659,45
660,46
661,60
662,39
663,56
664,83
665,11
666,4
667,32
668,8
669,31
670,10
671,29
672,56
673,31
674,1
675,11
676,75
677,55
678,36
679,95
680,61
681,43
682,99
683,48
684,58
685,7
686,96
687,49
688,68
689,63
690,98
691,57
692,63
693,87
694,67
695,83
696,23
697,40
698,2
699,67
700,39
701,98
702,68
703,41
704,78
705,93
706,54
707,37
708,18
709,96
710,56
711,44
712,32
713,87
714,54
715,30
716,28
717,79
718,82
719,41
720,65
721,67
722,49
723,20
724,68
725,90
726,65
727,64
728,76
729,49
730,24
731,66
732,78
733,71
734,20
735,79
736,81
737,1
738,49
739,41
740,34
741,48
742,94
743,47
744,50
745,81
746,50
747,32
748,42
749,5
750,11
751,85
752,71
753,13
754,2
755,66
756,80
757,99
758,1
759,24
760,25
761,31
762,56
763,19
764,68
765,19
766,39
767,47
768,6
769,82
770,7
771,53
772,80
773,83
774,96
775,57
776,42
777,60
778,31
779,74
780,71
781,84
782,7
783,42
784,64
785,71
786,100
787,35
788,54
789,5
790,17
791,49
792,56
793,92
794,44
795,62
796,58
797,80
798,55
799,67
800,61
801,29
802,29
803,82
804,16
805,14
806,67
807,18
808,72
809,85
810,64
811,56
812,90
813,16
814,21
815,64
816,44
817,3
818,77
819,86
820,51
821,41
822,49
823,54
824,94
825,32
826,68
827,8
828,68
829,99
830,71
831,77
832,35
833,42
834,28
835,52
836,11
837,35
838,52
839,68
840,35
841,69
842,4
843,28
844,56
845,85
846,56
847,78
848,67
849,3
850,47
851,8
852,49
853,10
854,15
855,20
856,31
857,47
858,19
859,40
860,31
861,14
862,32
863,21
864,28
865,33
866,34
867,37
868,47
869,73
870,85
871,15
872,7
873,20
874,62
875,14
876,11
877,53
878,96
879,60
880,89
881,56
882,48
883,45
884,72
885,45
886,33
887,47
888,82
889,100
890,100
891,17
892,80
893,93
894,95
895,73
896,64
897,47
898,71
899,93
900,26
901,78
902,2
903,100
904,64
905,12
906,20
907,99
908,78
909,36
910,54
911,3
912,75
913,54
914,53
915,20
916,89
917,18
918,56
919,10
920,33
921,72
922,73
923,14
924,90
925,20
926,76
927,12
928,71
929,44
930,48
931,61
932,67
933,64
934,50
935,80
936,50
937,66
938,15
939,20
940,92
941,96
942,79
943,53
944,9
945,91
946,48
947,82
948,61
949,21
950,2
951,63
952,14
953,48
954,69
955,19
956,93
957,19
958,36
959,31
960,81
961,81
962,18
963,45
964,16
965,59
966,21
967,6
968,94
969,28
970,17
971,72
972,52
973,95
974,94
975,56
976,81
977,94
978,7
979,29
980,25
981,77
982,45
983,48
984,90
985,48
986,86
987,38
988,1
989,25
990,55
991,57
992,16
993,23
994,85
995,4
996,53
997,75
998,1
999,70
1000,15
